vendor,order_id,lot_id,panel_id,board_serial,inspector,date,phase,step,channel,result,value,unit,method,probe_from,probe_to,notes
,,,,,,,1,1.1,,,,,,,,,Board dimensions
,,,,,,,1,1.2,,,,,,,,,Stackup confirmed
,,,,,,,1,1.3,,,,,,,,,ENIG finish
,,,,,,,1,1.4,,,,,,,,,Soldermask
,,,,,,,1,1.5,,,,,,,,,Silkscreen
,,,,,,,1,1.6,,,,,,,,,Edge cuts
,,,,,,,1,1.7,,,,,,,,,Fiducials
,,,,,,,2,2.1,,,,,,,,,VIP pads flat
,,,,,,,2,2.2,,,,,,,,,No dimples > 25 µm
,,,,,,,2,2.3,,,,,,,,,No epoxy bleed
,,,,,,,2,2.4,,,,,,,,,No cap lifting
,,,,,,,2,2.5,,,,,,,,,Pad solderable
,,,,,,,2,2.6,,,,,,,,,VIP count matches CSV
,,,,,,,3,3.1,,,,,,,,,Via barrel filled
,,,,,,,3,3.2,,,,,,,,,Copper cap continuous
,,,,,,,3,3.3,,,,,,,,,Cap thickness ≥ 15 µm
,,,,,,,3,3.4,,,,,,,,,No barrel cracking
,,,,,,,3,3.5,,,,,,,,,Plating uniform
,,,,,,,4,4.1,,,,,,,,,GND continuity
,,,,,,,4,4.2,,,,,,,,,VDD33 continuity
,,,,,,,4,4.3,,,,,,,,,No adjacent CH shorts
,,,,,,,4,4.4,,,,,,,,,No CH-GND shorts
,,,,,,,4,4.5,,,,,,,,,U1 thermal pad to GND
,,,,,,,5,5.1,CH9,,,Ω,4W-Kelvin,J5.10,U1.33,≤3.5Ω
,,,,,,,5,5.1,CH10,,,Ω,4W-Kelvin,J5.11,U1.34,≤3.5Ω
,,,,,,,5,5.1,CH11,,,Ω,4W-Kelvin,J5.12,U1.35,≤3.5Ω
,,,,,,,5,5.1,CH12,,,Ω,4W-Kelvin,J5.13,U1.36,≤3.5Ω
,,,,,,,5,5.1,CH13,,,Ω,4W-Kelvin,J5.14,U1.37,≤3.5Ω
,,,,,,,5,5.1,CH14,,,Ω,4W-Kelvin,J5.15,U1.38,≤3.5Ω
,,,,,,,5,5.1,CH15,,,Ω,4W-Kelvin,J5.16,U1.39,≤3.5Ω
,,,,,,,5,5.1,CH16,,,Ω,4W-Kelvin,J5.17,U1.40,≤3.5Ω
,,,,,,,5,5.1,CH17,,,Ω,4W-Kelvin,J5.18,U1.41,≤3.5Ω
,,,,,,,5,5.1,CH18,,,Ω,4W-Kelvin,J5.19,U1.42,≤3.5Ω
,,,,,,,5,5.1,CH19,,,Ω,4W-Kelvin,J5.20,U1.43,≤3.5Ω
,,,,,,,5,5.1,CH20,,,Ω,4W-Kelvin,J5.21,U1.44,≤3.5Ω
,,,,,,,5,5.1,CH21,,,Ω,4W-Kelvin,J5.22,U1.45,≤3.5Ω
,,,,,,,5,5.1,CH22,,,Ω,4W-Kelvin,J5.23,U1.46,≤3.5Ω
,,,,,,,5,5.2,CH9,,,MΩ,100V-megger,J5.10,J5.GND,≥50MΩ; channel→GND
,,,,,,,5,5.2,CH10,,,MΩ,100V-megger,J5.11,J5.GND,≥50MΩ; channel→GND
,,,,,,,5,5.2,CH11,,,MΩ,100V-megger,J5.12,J5.GND,≥50MΩ; channel→GND
,,,,,,,5,5.2,CH12,,,MΩ,100V-megger,J5.13,J5.GND,≥50MΩ; channel→GND
,,,,,,,5,5.2,CH13,,,MΩ,100V-megger,J5.14,J5.GND,≥50MΩ; channel→GND
,,,,,,,5,5.2,CH14,,,MΩ,100V-megger,J5.15,J5.GND,≥50MΩ; channel→GND
,,,,,,,5,5.2,CH15,,,MΩ,100V-megger,J5.16,J5.GND,≥50MΩ; channel→GND
,,,,,,,5,5.2,CH16,,,MΩ,100V-megger,J5.17,J5.GND,≥50MΩ; channel→GND
,,,,,,,5,5.2,CH17,,,MΩ,100V-megger,J5.18,J5.GND,≥50MΩ; channel→GND
,,,,,,,5,5.2,CH18,,,MΩ,100V-megger,J5.19,J5.GND,≥50MΩ; channel→GND
,,,,,,,5,5.2,CH19,,,MΩ,100V-megger,J5.20,J5.GND,≥50MΩ; channel→GND
,,,,,,,5,5.2,CH20,,,MΩ,100V-megger,J5.21,J5.GND,≥50MΩ; channel→GND
,,,,,,,5,5.2,CH21,,,MΩ,100V-megger,J5.22,J5.GND,≥50MΩ; channel→GND
,,,,,,,5,5.2,CH22,,,MΩ,100V-megger,J5.23,J5.GND,≥50MΩ; channel→GND
,,,,,,,6,6.1,,,,,,,,,J5 body seated flat
,,,,,,,6,6.2,,,,,,,,,Solder fillets visible
,,,,,,,6,6.3,,,,,,,,,Wiggle test pass
,,,,,,,6,6.4,,,,,,,,,Mating cycle test (3×)
,,,,,,,6,6.5,,,,,,,,,U1 QFN inspection
,,,,,,,7,7.1,,,,,,,,,Current draw < 20 mA
,,,,,,,7,7.2,,,,,,,,,SPI device ID correct
,,,,,,,7,7.3,,,,,,,,,Channel noise < 5 µVrms
,,,,,,,7,7.4,,,,,,,,,No latch-up (5 cycles)
